name,category,source,idx,clean_category
Frozen_Scrabble_Jr,1box,GSO,300,box
Playmates_Industrial_CoSplinter_Teenage_Mutant_Ninja_Turtle_Action_Figure,action figure,GSO,664,action_figure
Playmates_nickelodeon_teenage_mutant_ninja_turtles_shredder,action figure,GSO,665,action_figure
Dino_3,action_figure,GSO,212,action_figure
Dino_4,action_figure,GSO,213,action_figure
Dino_5,action_figure,GSO,214,action_figure
Nickelodeon_Teenage_Mutant_Ninja_Turtles_Leonardo,action_figure,GSO,522,action_figure
Nickelodeon_Teenage_Mutant_Ninja_Turtles_Michelangelo,action_figure,GSO,523,action_figure
Nickelodeon_Teenage_Mutant_Ninja_Turtles_Raphael,action_figure,GSO,524,action_figure
Nintendo_Mario_Action_Figure,action_figure,GSO,529,action_figure
Nintendo_Yoshi_Action_Figure,action_figure,GSO,531,action_figure
SpiderMan_Titan_Hero_12Inch_Action_Figure_5Hnn4mtkFsP,action_figure,GSO,840,action_figure
Teenage_Mutant_Ninja_Turtles_Rahzar_Action_Figure,action_figure,GSO,879,action_figure
SpiderMan_Titan_Hero_12Inch_Action_Figure_oo1qph4wwiW,action_figure,GSO,841,action_figure
Android_Figure_Chrome,android_figure,GSO,38,android_figure
Android_Figure_Orange,android_figure,GSO,39,android_figure
Android_Figure_Panda,android_figure,GSO,40,android_figure
Android_Lego,android_lego_duplo,GSO,41,android_lego_duplo
3M_Antislip_Surfacing_Light_Duty_White,anti_slip_tape,GSO,10,tape
5_HTP,antidepressant_bottle,GSO,14,medicine_bottle
Olive_Kids_Dinosaur_Land_Lunch_Box,backpack,GSO,580,backpack
RJ_Rabbit_Easter_Basket_Blue,basket,GSO,696,basket
Threshold_Performance_Bath_Sheet_Sandoval_Blue_33_x_63,bath_sheet,GSO,896,bath_sheet
B00TS18AEA,battery_charger,ABO,10,battery_charger
Black_and_Decker_PBJ2000_FusionBlade_Blender_Jars,blender_jar_box,GSO,92,box
Clue_Board_Game_Classic_Edition,board_game,GSO,138,board_game
Connect_4_Launchers,board_game,GSO,165,board_game
FRACTION_FUN_n4h4qte23QR,board_game,GSO,284,board_game
Frozen_Olafs_In_Trouble_PopOMatic_Game_OEu83W9T8pD,board_game,GSO,299,board_game
Balderdash_Game,board_game_box,GSO,78,box
B078GTTCCF,book,ABO,196,book
Eat_to_Live_The_Amazing_NutrientRich_Program_for_Fast_and_Sustained_Weight_Loss_Revised_Edition_Book,book,GSO,222,book
Pet_Dophilus_powder,bottle,GSO,654,medicine_bottle
PhosphOmega,bottle,GSO,662,medicine_bottle
Prostate_Optimizer,bottle,GSO,680,medicine_bottle
B075HWDSDK,bowl,ABO,125,bowl
B075HWTX4Z,bowl,ABO,132,bowl
Bradshaw_International_11642_7_Qt_MP_Plastic_Bowl,bowl,GSO,98,bowl
Calphalon_Kitchen_Essentials_12_Cast_Iron_Fry_Pan_Black,bowl,GSO,118,bowl
Cole_Hardware_Bowl_Scirocco_YellowBlue,bowl,GSO,144,bowl
Footed_Bowl_Sand,bowl,GSO,296,bowl
Neat_Solutions_Character_Bib_2_pack,bowl,GSO,503,bowl
Now_Designs_Bowl_Akita_Black,bowl,GSO,534,bowl
Sea_to_Summit_Xl_Bowl,bowl,GSO,813,bowl
Threshold_Bead_Cereal_Bowl_White,bowl,GSO,892,bowl
Threshold_Porcelain_Serving_Bowl_Coupe_White,bowl,GSO,899,bowl
Deskstar_Desk_Top_Hard_Drive_1_TB,box,GSO,208,box
Epson_273XL_Ink_Cartridge_Magenta,box,GSO,265,box
Epson_DURABrite_Ultra_786_Black_Ink_Cartridge_T786120S,box,GSO,266,box
Epson_Ink_Cartridge_126_Yellow,box,GSO,267,box
Epson_Ink_Cartridge_Black_200,box,GSO,268,box
Epson_LabelWorks_LC4WBN9_Tape_reel_labels_047_x_295_Roll_Black_on_White,box,GSO,269,box
Epson_LabelWorks_LC5WBN9_Tape_reel_labels_071_x_295_Roll_Black_on_White,box,GSO,270,box
Epson_T5803_Ink_Cartridge_Magenta_1pack,box,GSO,271,box
Epson_UltraChrome_T0543_Ink_Cartridge_Magenta_1pack,box,GSO,272,box
Epson_UltraChrome_T0548_Ink_Cartridge_Matte_Black_1pack,box,GSO,273,box
FemDophilus,box,GSO,289,box
Firefly_Clue_Board_Game,box,GSO,291,box
FisherPrice_Make_A_Match_Game_Thomas_Friends,box,GSO,292,box
Frozen_Olafs_In_Trouble_PopOMatic_Game,box,GSO,298,box
Perricoen_MD_No_Concealer_Concealer,box,GSO,618,box
Perricone_MD_AcylGlutathione_Deep_Crease_Serum,box,GSO,619,box
Perricone_MD_AcylGlutathione_Eye_Lid_Serum,box,GSO,620,box
Perricone_MD_Best_of_Perricone_7Piece_Collection_MEGsO6GIsyL,box,GSO,621,box
Perricone_MD_Chia_Serum,box,GSO,623,box
Perricone_MD_Cold_Plasma,box,GSO,624,box
Perricone_MD_Cold_Plasma_Body,box,GSO,625,box
Perricone_MD_Face_Finishing_Moisturizer,box,GSO,626,box
Perricone_MD_Firming_Neck_Therapy_Treatment,box,GSO,628,box
Perricone_MD_High_Potency_Evening_Repair,box,GSO,630,box
Perricone_MD_Hypoallergenic_Firming_Eye_Cream_05_oz,box,GSO,631,box
Perricone_MD_Neuropeptide_Facial_Conformer,box,GSO,633,box
Perricone_MD_Neuropeptide_Firming_Moisturizer,box,GSO,634,box
Perricone_MD_No_Bronzer_Bronzer,box,GSO,635,box
Perricone_MD_No_Foundation_Serum,box,GSO,637,box
Perricone_MD_Nutritive_Cleanser,box,GSO,640,box
Perricone_MD_OVM,box,GSO,641,box
Perricone_MD_Omega_3_Supplements,box,GSO,642,box
Perricone_MD_Photo_Plasma,box,GSO,643,box
Perricone_MD_Super_Berry_Powder_with_Acai_Supplements,box,GSO,646,box
Perricone_MD_The_Cold_Plasma_Face_Eyes_Duo,box,GSO,647,box
Perricone_MD_The_Crease_Cure_Duo,box,GSO,648,box
Perricone_MD_The_Metabolic_Formula_Supplements,box,GSO,649,box
Perricone_MD_The_Power_Treatments,box,GSO,650,box
Perricone_MD_Vitamin_C_Ester_15,box,GSO,651,box
Perricone_MD_Vitamin_C_Ester_Serum,box,GSO,652,box
Philips_60ct_Warm_White_LED_Smooth_Mini_String_Lights,box,GSO,655,box
Philips_EcoVantage_43_W_Light_Bulbs_Natural_Light_2_pack,box,GSO,656,box
Philips_Sonicare_Tooth_Brush_2_count,box,GSO,657,box
Phillips_Caplets_Size_24,box,GSO,658,box
Phillips_Colon_Health_Probiotic_Capsule,box,GSO,659,box
Pokémon_Omega_Ruby_Alpha_Sapphire_Dual_Pack_Nintendo_3DS,box,GSO,670,box
Sonicare_2_Series_Toothbrush_Plaque_Control,box,GSO,830,box
Sony_Acid_Music_Studio,box,GSO,832,box
Sony_Downloadable_Loops,box,GSO,833,box
Sorry_Sliders_Board_Game,box,GSO,836,box
Supernatural_Ouija_Board_Game,box,GSO,854,box
Swiss_Miss_Hot_Cocoa_KCups_Milk_Chocolate_12_count,box,GSO,856,box
Tena_Pads_Heavy_Long_42_pads,box,GSO,880,box
Tetris_Link_Game,box,GSO,881,box
The_Coffee_Bean_Tea_Leaf_KCup_Packs_Jasmine_Green_Tea_16_count,box,GSO,882,box
Nestle_Nips_Hard_Candy_Peanut_Butter,box_butter,GSO,513,box
Nestle_Carnation_Cinnamon_Coffeecake_Kit_1913OZ,box_cake,GSO,511,box
Nestle_Skinny_Cow_Dreamy_Clusters_Candy_Dark_Chocolate_6_pack_1_oz_pouches,box_candy,GSO,517,box
Nips_Hard_Candy_Rich_Creamy_Butter_Rum_4_oz_1133_g,box_candy,GSO,532,box
Nestl_Skinny_Cow_Heavenly_Crisp_Candy_Bar_Chocolate_Raspberry_6_pack_462_oz_total,box_chocolate,GSO,509,box
NESCAFE_NESCAFE_TC_STKS_DECAF_6_CT,box_coffee,GSO,500,box
Nescafe_16Count_Dolce_Gusto_Cappuccino_Capsules,box_coffee,GSO,504,box
Nescafe_Memento_Latte_Caramel_8_08_oz_23_g_packets_64_oz_184_g,box_coffee,GSO,505,box
Nescafe_Momento_Mocha_Specialty_Coffee_Mix_8_ct,box_coffee,GSO,506,box
Nestl_Crunch_Girl_Scouts_Cookie_Flavors_Caramel_Coconut_78_oz_box,box_cookie,GSO,508,box
Dell_Ink_Cartridge,box_ink,GSO,204,box
Dell_Ink_Cartridge_Yellow_31,box_ink,GSO,205,box
Dell_Series_9_Color_Ink_Cartridge_MK993_High_Yield,box_ink,GSO,206,box
Office_Depot_Canon_CL211XL_Remanufactured_Ink_Cartridge_TriColor,box_ink,GSO,544,box
Office_Depot_Canon_CLI_221BK_Ink_Cartridge_Black_2946B001,box_ink,GSO,546,box
Office_Depot_Canon_CLI_8CMY_Remanufactured_Ink_Cartridges_Color_Cyan_Magenta_Yellow_3_count,box_ink,GSO,547,box
Office_Depot_Canon_CLI_8Y_Ink_Cartridge_Yellow_0623B002,box_ink,GSO,548,box
Office_Depot_Canon_CL_41_Remanufactured_Ink_Cartridge_TriColor,box_ink,GSO,549,box
Office_Depot_Canon_PG21XL_Remanufactured_Ink_Cartridge_Black,box_ink,GSO,550,box
Office_Depot_Canon_PGI22_Remanufactured_Ink_Cartridge_Black,box_ink,GSO,551,box
Office_Depot_Canon_PGI35_Remanufactured_Ink_Cartridge_Black,box_ink,GSO,552,box
Office_Depot_Canon_PGI5BK_Remanufactured_Ink_Cartridge_Black,box_ink,GSO,553,box
Office_Depot_Canon_PG_240XL_Ink_Cartridge_Black_5206B001,box_ink,GSO,554,box
Office_Depot_Dell_Series_11_Remanufactured_Ink_Cartridge_Black,box_ink,GSO,555,box
Office_Depot_Dell_Series_11_Remanufactured_Ink_Cartridge_TriColor,box_ink,GSO,556,box
Office_Depot_Dell_Series_1_Remanufactured_Ink_Cartridge_Black,box_ink,GSO,557,box
Office_Depot_Dell_Series_1_Remanufactured_Ink_Cartridge_TriColor,box_ink,GSO,558,box
Office_Depot_Dell_Series_5_Remanufactured_Ink_Cartridge_Black,box_ink,GSO,559,box
Office_Depot_Dell_Series_9_Color_Ink_Ink_Cartridge_MK991_MK993,box_ink,GSO,560,box
Office_Depot_Dell_Series_9_Ink_Cartridge_Black_MK992,box_ink,GSO,561,box
Office_Depot_HP_2_Remanufactured_Ink_Cartridges_Color_Cyan_Magenta_Yellow_3_count,box_ink,GSO,562,box
Office_Depot_HP_564XL_Ink_Cartridge_Black_CN684WN,box_ink,GSO,563,box
Office_Depot_HP_564XL_Remanufactured_Ink_Cartridges_Color_Cyan_Magenta_Yellow_3_count,box_ink,GSO,564,box
Office_Depot_HP_61Tricolor_Ink_Cartridge,box_ink,GSO,565,box
Office_Depot_HP_71_Remanufactured_Ink_Cartridge_Black,box_ink,GSO,566,box
Office_Depot_HP_74XL75_Remanufactured_Ink_Cartridges_BlackTriColor_2_count,box_ink,GSO,567,box
Office_Depot_HP_75_Remanufactured_Ink_Cartridge_TriColor,box_ink,GSO,568,box
Office_Depot_HP_920XL_920_High_Yield_Black_and_Standard_CMY_Color_Ink_Cartridges,box_ink,GSO,569,box
Office_Depot_HP_932XL_Ink_Cartridge_Black_CN053A,box_ink,GSO,570,box
Office_Depot_HP_950XL_Ink_Cartridge_Black_CN045AN,box_ink,GSO,571,box
Office_Depot_HP_96_Remanufactured_Ink_Cartridge_Black,box_ink,GSO,572,box
Office_Depot_HP_98_Remanufactured_Ink_Cartridge_Black,box_ink,GSO,573,box
Nintendo_Wii_Party_U_with_Controller_Wii_U_Game,box_wii,GSO,530,box
Nordic_Ware_Original_Bundt_Pan,bundt_pan,GSO,533,pan
Cole_Hardware_Butter_Dish_Square_Red,butter_dish,GSO,145,butter_dish
Pony_C_Clamp_1440,c-clamp,GSO,673,c-clamp
Chef_Style_Round_Cake_Pan_9_inch_pan,cake_pan,GSO,129,pan
Nikon_1_AW1_w11275mm_Lens_Silver,camera,GSO,527,camera
Don_Franciscos_Gourmet_Coffee_Medium_Decaf_100_Colombian_12_oz_340_g,can,GSO,217,can
OXO_Soft_Works_Can_Opener_SnapLock,can_opener,GSO,540,can_opener
B075HR7LD2,candle_holder,ABO,121,candle_holder
B075HX7JB2,candle_holder,ABO,135,candle_holder
B075HXHKTZ,candle_holder,ABO,136,candle_holder
Nestle_Candy_19_oz_Butterfinger_Singles_116567,candy_bar,GSO,510,candy_bar
B07M6PJ66Q,canister,ABO,456,canister
B07M6PK8QN,canister,ABO,459,canister
B07MBFDKYY,canister,ABO,475,canister
B07MF1SFKD,canister,ABO,495,canister
Apples_to_Apples_Kids_Edition,card_game_box,GSO,44,box
B00F5CKWBA,carrying_case,ABO,6,carrying_case
Corningware_CW_by_Corningware_3qt_Oblong_Casserole_Dish_Blue,casserole_dish,GSO,169,casserole_dish
Nestle_Raisinets_Milk_Chocolate_35_oz_992_g,chocolate,GSO,516,chocolate
Nestle_Nesquik_Chocolate_Powder_Flavored_Milk_Additive_109_Oz_Canister,chocolate_powder,GSO,512,chocolate_powder
Crosley_Alarm_Clock_Vintage_Metal,clock,GSO,186,clock
Nescafe_Tasters_Choice_Instant_Coffee_Decaf_House_Blend_Light_7_oz,coffee_beans,GSO,507,coffee_beans
B0711RQMNF,cube_storage_box,ABO,55,storage_box
B071225BBS,cube_storage_box,ABO,56,storage_box
B073PB1H88,cube_storage_box,ABO,77,storage_box
B073PB3FXD,cube_storage_box,ABO,78,storage_box
B073V1SPHP,cube_storage_box,ABO,79,storage_box
Ecoforms_Cup_B4_SAN,cup,GSO,223,cup
Arm_Hammer_Diaper_Pail_Refills_12_Pack_MFWkmoweejt,diaper_pack_box,GSO,45,box
Folic_Acid,dietary_supplement,GSO,295,medicine_bottle
NattoMax,dietary_supplement,GSO,502,medicine_bottle
Organic_Whey_Protein_Unflavored,dietary_supplement,GSO,593,medicine_bottle
Organic_Whey_Protein_Vanilla,dietary_supplement,GSO,594,medicine_bottle
Perricone_MD_Health_Weight_Management_Supplements,dietary_supplement,GSO,629,medicine_bottle
QAbsorb_CoQ10,dietary_supplement,GSO,688,medicine_bottle
QAbsorb_CoQ10_53iUqjWjW3O,dietary_supplement,GSO,689,medicine_bottle
QHPomegranate,dietary_supplement,GSO,690,medicine_bottle
Quercetin_500,dietary_supplement,GSO,691,medicine_bottle
Sleep_Optimizer,dietary_supplement,GSO,827,medicine_bottle
Theanine,dietary_supplement,GSO,884,medicine_bottle
AllergenFree_JarroDophilus,dietary_supplement_bottle,GSO,37,medicine_bottle
Bifidus_Balance_FOS,dietary_supplement_bottle,GSO,82,medicine_bottle
Blackcurrant_Lutein,dietary_supplement_bottle,GSO,94,medicine_bottle
Borage_GLA240Gamma_Tocopherol,dietary_supplement_bottle,GSO,97,medicine_bottle
Black_Elderberry_Syrup_54_oz_Gaia_Herbs,dietary_supplement_box,GSO,89,box
Cole_Hardware_Dishtowel_Blue,dishtowel,GSO,147,dishtowel
Cole_Hardware_Dishtowel_BlueWhite,dishtowel,GSO,148,dishtowel
Cole_Hardware_Dishtowel_Multicolors,dishtowel,GSO,149,dishtowel
Cole_Hardware_Dishtowel_Red,dishtowel,GSO,150,dishtowel
Cole_Hardware_Dishtowel_Stripe,dishtowel,GSO,151,dishtowel
Envision_Home_Dish_Drying_Mat_Red_6_x_18,dishtowel,GSO,264,dishtowel
Tag_Dishtowel_18_x_26,dishtowel,GSO,873,dishtowel
Tag_Dishtowel_Basket_Weave_Red_18_x_26,dishtowel,GSO,874,dishtowel
Tag_Dishtowel_Dobby_Stripe_Blue_18_x_26,dishtowel,GSO,875,dishtowel
Tag_Dishtowel_Green,dishtowel,GSO,876,dishtowel
Tag_Dishtowel_Waffle_Gray_Checks_18_x_26,dishtowel,GSO,877,dishtowel
3D_Dollhouse_Happy_Brother,doll,GSO,3,doll
Shurtape_30_Day_Removal_UV_Delct_15,duct_tape,GSO,822,tape
Shurtape_Gaffers_Tape_Silver_2_x_60_yd,duct_tape,GSO,823,tape
Shurtape_Tape_Purple_CP28,duct_tape,GSO,824,tape
B00R3MZITG,dumbbell,ABO,9,dumbbell
B01LR5R18K,dumbbell,ABO,38,dumbbell
B01LR5RBZ8,dumbbell,ABO,39,dumbbell
B01LR5RG08,dumbbell,ABO,40,dumbbell
B01LR5RK0Y,dumbbell,ABO,41,dumbbell
B01LR5RO5U,dumbbell,ABO,42,dumbbell
B01LR5RSG0,dumbbell,ABO,43,dumbbell
B01LR5RVYE,dumbbell,ABO,44,dumbbell
B01LR5S1WA,dumbbell,ABO,45,dumbbell
B01LR5S6HK,dumbbell,ABO,46,dumbbell
B01LR5SAIA,dumbbell,ABO,47,dumbbell
B01LR5SEKE,dumbbell,ABO,48,dumbbell
B01LR5SIRI,dumbbell,ABO,49,dumbbell
B071WSFSGC,dumbbell,ABO,57,dumbbell
B074DYLY5V,dumbbell,ABO,82,dumbbell
B074DZ5YL9,dumbbell,ABO,83,dumbbell
B074DZ65J3,dumbbell,ABO,84,dumbbell
B074DZ6NGS,dumbbell,ABO,85,dumbbell
B074DZ6NJB,dumbbell,ABO,86,dumbbell
B074DZFKH6,dumbbell,ABO,87,dumbbell
B074DZGRMG,dumbbell,ABO,88,dumbbell
B074DZHYS6,dumbbell,ABO,89,dumbbell
B074DZNJ3T,dumbbell,ABO,90,dumbbell
Ocedar_Snap_On_Dust_Pan_And_Brush_1_ct,dustpan_and_brush,GSO,543,dustpan_and_brush
Spritz_Easter_Basket_Plastic_Teal,easter_basket,GSO,842,basket
Shaxon_100_Molded_Category_6_RJ45RJ45_Shielded_Patch_Cord_White,electronic_cable,GSO,821,electronic_cable
Poppin_File_Sorter_Blue,file_sorter,GSO,674,file_sorter
Poppin_File_Sorter_Pink,file_sorter,GSO,675,file_sorter
B01B254OVC,folder,ABO,21,folder
Black_Forest_Fruit_Snacks_28_Pack_Grape,fruit_snack_box,GSO,90,box
Black_Forest_Fruit_Snacks_Juicy_Filled_Centers_10_pouches_9_oz_total,fruit_snack_box,GSO,91,box
Cole_Hardware_Hammer_Black,hammer,GSO,155,hammer
The_Scooper_Hooper,hand_bell,GSO,883,hand_bell
B00DUGZFA6,handbag,ABO,4,handbag
B00DUGZFLK,handbag,ABO,5,handbag
BlackBlack_Nintendo_3DSXL,handheld_video_game_console,GSO,86,gaming_console
BlueBlack_Nintendo_3DSXL,handheld_video_game_console,GSO,95,gaming_console
Seagate_1TB_Backup_Plus_portable_drive_Blue,hard_drive,GSO,814,hard_drive
Seagate_1TB_Backup_Plus_portable_drive_Silver,hard_drive,GSO,815,hard_drive
Seagate_1TB_Backup_Plus_portable_drive_for_Mac,hard_drive,GSO,816,hard_drive
Seagate_1TB_Wireless_Plus_mobile_device_storage,hard_drive,GSO,817,hard_drive
Seagate_Archive_HDD_8_TB_Internal_hard_drive_SATA_6Gbs_35_ST8000AS0002,hard_drive,GSO,819,hard_drive
DPC_Handmade_Hat_Brown,hat,GSO,196,hat
DPC_tropical_Trends_Hat,hat,GSO,198,hat
Object_REmvBDJStub,hat,GSO,542,hat
Ortho_Forward_Facing_CkAW6rL25xH,helmet,GSO,597,helmet
Polar_Herring_Fillets_Smoked_Peppered_705_oz_total,herring_fillets,GSO,672,herring_fillets
B07MF1NJ7Q,jar,ABO,485,jar
2_of_Jenga_Classic_Game,jenga,GSO,1,jenga
B075HWBL9Q,jewelry_box,ABO,123,jewelry_box
B075HWDS7Y,jewelry_box,ABO,124,jewelry_box
B075HXHKVF,jewelry_box,ABO,137,jewelry_box
B075HXQJT1,jewelry_box,ABO,143,jewelry_box
B075X2LLWF,lamp,ABO,164,lamp
B07HK3PNSK,lamp,ABO,317,lamp
B07HK83QRB,lamp,ABO,321,lamp
B00JM5TTWO,laptop_cover,ABO,7,laptop_cover
B013TGFGWS,laptop_cover,ABO,15,laptop_cover
B00WRDRRWW,laptop_stand,ABO,11,laptop_stand
B00WRDS0AU,laptop_stand,ABO,12,laptop_stand
B00WRDS8H0,laptop_stand,ABO,13,laptop_stand
B01MZ81SKB,laptop_stand,ABO,51,laptop_stand
B07F3W4QWM,laundry_box,ABO,308,box
Focus_8643_Lime_Squeezer_10x35x188_Enamelled_Aluminum_Light,lime_squeezer,GSO,294,lime_squeezer
Now_Designs_Snack_Bags_Bicycle_2_count,lunch_bag,GSO,536,lunch_bag
Olive_Kids_Birdie_Lunch_Box,lunch_box,GSO,574,lunch_box
Paul_Frank_Dot_Lunch_Box,lunch_box,GSO,612,lunch_box
Beta_Glucan,medicine_bottle,GSO,80,medicine_bottle
Aroma_Stainless_Steel_Milk_Frother_2_Cup,milk_frother_cup,GSO,46,milk_frother_cup
B017DORX3M,monitor_stand,ABO,18,monitor_stand
B017DOS5C0,monitor_stand,ABO,19,monitor_stand
Asus_M5A78LMUSB3_Motherboard_Micro_ATX_Socket_AM3,motherboard_box,GSO,48,box
Asus_M5A99FX_PRO_R20_Motherboard_ATX_Socket_AM3,motherboard_box,GSO,49,box
Asus_Sabertooth_990FX_20_Motherboard_ATX_Socket_AM3,motherboard_box,GSO,50,box
Asus_Sabertooth_Z97_MARK_1_Motherboard_ATX_LGA1150_Socket,motherboard_box,GSO,51,box
Asus_X99Deluxe_Motherboard_ATX_LGA2011v3_Socket,motherboard_box,GSO,52,box
Asus_Z87PRO_Motherboard_ATX_LGA1150_Socket,motherboard_box,GSO,53,box
Asus_Z97AR_LGA_1150_Intel_ATX_Motherboard,motherboard_box,GSO,54,box
Asus_Z97IPLUS_Motherboard_Mini_ITX_LGA1150_Socket,motherboard_box,GSO,55,box
B003QTD4Y6,mouse_pad,ABO,1,mouse_pad
B06X3W3YQD,mouse_pad,ABO,53,mouse_pad
B06X6H2WF7,mouse_pad,ABO,54,mouse_pad
Beyonc_Life_is_But_a_Dream_DVD,movie_dvd_box,GSO,81,box
Blue_Jasmine_Includes_Digital_Copy_UltraViolet_DVD,movie_dvd_box,GSO,96,box
ACE_Coffee_Mug_Kristen_16_oz_cup,mug,GSO,16,mug
Cole_Hardware_Mug_Classic_Blue,mug,GSO,157,mug
Threshold_Porcelain_Coffee_Mug_All_Over_Bead_White,mug,GSO,897,mug
B076YFLYFR,multiport_hub,ABO,180,multiport_hub
B076YFNTRS,multiport_hub,ABO,181,multiport_hub
B076YFNTSN,multiport_hub,ABO,182,multiport_hub
B076YJ1XZS,multiport_hub,ABO,183,multiport_hub
B076YJFGCN,multiport_hub,ABO,184,multiport_hub
B076YJFGCW,multiport_hub,ABO,185,multiport_hub
B076YKYHCB,multiport_hub,ABO,186,multiport_hub
B076YL2CTT,multiport_hub,ABO,187,multiport_hub
B076YLWTPR,multiport_hub,ABO,188,multiport_hub
B076YNV36K,multiport_hub,ABO,189,multiport_hub
B076YRSP32,multiport_hub,ABO,190,multiport_hub
B076YRSWGH,multiport_hub,ABO,191,multiport_hub
B076YRSWGW,multiport_hub,ABO,192,multiport_hub
B076YRSWH2,multiport_hub,ABO,193,multiport_hub
B076YRSWH3,multiport_hub,ABO,194,multiport_hub
B076YS4SJT,multiport_hub,ABO,195,multiport_hub
Nintendo_2DS_Crimson_Red,nintendo_switch,GSO,528,nintendo_switch
B01DN8TB5U,notepad,ABO,22,book
Brother_Ink_Cartridge_Magenta_LC75M,object_box,GSO,101,storage_box
Brother_LC_1053PKS_Ink_Cartridge_CyanMagentaYellow_1pack,object_box,GSO,102,storage_box
Canon_225226_Ink_Cartridges_BlackColor_Cyan_Magenta_Yellow_6_count,object_box,GSO,119,storage_box
Canon_Ink_Cartridge_Green_6,object_box,GSO,120,storage_box
Canon_Pixma_Chromalife_100_Magenta_8,object_box,GSO,121,storage_box
Canon_Pixma_Ink_Cartridge_251_M,object_box,GSO,122,storage_box
Canon_Pixma_Ink_Cartridge_8,object_box,GSO,123,storage_box
Canon_Pixma_Ink_Cartridge_8_Green,object_box,GSO,124,storage_box
Canon_Pixma_Ink_Cartridge_8_Red,object_box,GSO,125,storage_box
Canon_Pixma_Ink_Cartridge_Cyan_251,object_box,GSO,126,storage_box
Cootie_Game_tDhURNbfU5J,object_box,GSO,167,storage_box
Crayola_Bonus_64_Crayons,object_box,GSO,172,storage_box
Crayola_Crayons_120_crayons,object_box,GSO,173,storage_box
Crayola_Crayons_24_count,object_box,GSO,174,storage_box
Crayola_Crayons_Washable_24_crayons,object_box,GSO,175,storage_box
Crayola_Model_Magic_Modeling_Material_Single_Packs_6_pack_05_oz_packs,object_box,GSO,176,storage_box
Crayola_Model_Magic_Modeling_Material_White_3_oz,object_box,GSO,177,storage_box
Crayola_Washable_Fingerpaint_Red_Blue_Yellow_3_count_8_fl_oz_bottes_each,object_box,GSO,178,storage_box
Crayola_Washable_Sidewalk_Chalk_16_pack,object_box,GSO,179,storage_box
Crayola_Washable_Sidewalk_Chalk_16_pack_wDZECiw7J6s,object_box,GSO,180,storage_box
Crunch_Girl_Scouts_Candy_Bars_Peanut_Butter_Creme_78_oz_box,object_box,GSO,187,storage_box
Pass_The_Popcorn_Movie_Guessing_Game,pass the popcorn,GSO,611,box
Pinwheel_Pencil_Case,pencil case,GSO,663,pencil_case
Olive_Kids_Butterfly_Garden_Pencil_Case,pencil_case,GSO,579,pencil_case
Olive_Kids_Paisley_Pencil_Case,pencil_case,GSO,588,pencil_case
Olive_Kids_Robots_Pencil_Case,pencil_case,GSO,589,pencil_case
Big_Dot_Aqua_Pencil_Case,pencil_pouch,GSO,83,pencil_case
Big_Dot_Pink_Pencil_Case,pencil_pouch,GSO,84,pencil_case
Orbit_Bubblemint_Mini_Bottle_6_ct,peppermint,GSO,592,peppermint
Pepsi_Caffeine_Free_Diet_12_CT,pepsi_can_pack,GSO,614,box
Pepsi_Cola_Wild_Cherry_Diet_12_12_fl_oz_355_ml_cans_144_fl_oz_426_lt,pepsi_can_pack,GSO,616,box
B01IJ5A0PC,phone_stand,ABO,32,phone_stand
B01IJ5A2UA,phone_stand,ABO,33,phone_stand
CoQ10_wSSVoxVppVD,pill_bottle,GSO,141,medicine_bottle
B07JKJKDKD,pillow,ABO,335,pillow
B07JKJKDKM,pillow,ABO,336,pillow
B07JKJKDLD,pillow,ABO,337,pillow
B07JKJKH43,pillow,ABO,338,pillow
B07JKJKH4H,pillow,ABO,339,pillow
B07JKJKJCC,pillow,ABO,340,pillow
B07JKJP5N2,pillow,ABO,341,pillow
B07JKJP5N5,pillow,ABO,342,pillow
B07JKJP5N6,pillow,ABO,343,pillow
B07JKJP7Q9,pillow,ABO,344,pillow
B07JKJP7QG,pillow,ABO,345,pillow
B07JKJP8MD,pillow,ABO,346,pillow
B07JKJP8V6,pillow,ABO,347,pillow
B07JKJSHMT,pillow,ABO,348,pillow
B07JKJSJ8G,pillow,ABO,349,pillow
B07JKJSJ9F,pillow,ABO,350,pillow
B07JKJSKMF,pillow,ABO,351,pillow
B07JKJSLWM,pillow,ABO,352,pillow
B07JKJSLXQ,pillow,ABO,353,pillow
B07JKJSLXR,pillow,ABO,354,pillow
B07JKJSM2S,pillow,ABO,355,pillow
B07JKJSQ4B,pillow,ABO,356,pillow
B07JKJSRQG,pillow,ABO,357,pillow
B07JKJSTL1,pillow,ABO,358,pillow
B07JKJSTL4,pillow,ABO,359,pillow
B07JKJSTVJ,pillow,ABO,360,pillow
B07JKJSTWH,pillow,ABO,361,pillow
B07JKJSTYT,pillow,ABO,362,pillow
B07JL5PLPD,pillow,ABO,363,pillow
B07JL5PLPK,pillow,ABO,364,pillow
B07JL5PNGZ,pillow,ABO,365,pillow
B07JL5PNHK,pillow,ABO,366,pillow
B07JL5PNHT,pillow,ABO,367,pillow
B07JL5PPBP,pillow,ABO,368,pillow
B07JL5PRQM,pillow,ABO,369,pillow
B07JL5PRR1,pillow,ABO,370,pillow
B07JL5PRR9,pillow,ABO,371,pillow
B07JL5PT18,pillow,ABO,372,pillow
B07JL5PT1J,pillow,ABO,373,pillow
B07JL5PT64,pillow,ABO,374,pillow
B07JL5PYZH,pillow,ABO,375,pillow
B07JL5PZ1S,pillow,ABO,376,pillow
B07JL5Q123,pillow,ABO,377,pillow
B07JL5Q12D,pillow,ABO,378,pillow
B07JL5Q1Z6,pillow,ABO,379,pillow
B07JL5Q2XQ,pillow,ABO,380,pillow
B07JL5Q3RL,pillow,ABO,381,pillow
B07JL5Q77N,pillow,ABO,382,pillow
B07JL5Q7FC,pillow,ABO,383,pillow
B07JLGBY2C,pillow,ABO,385,pillow
B07JLGBYXF,pillow,ABO,386,pillow
B07JLGC56Z,pillow,ABO,387,pillow
B07JLGC7XK,pillow,ABO,388,pillow
B07JLGC7XN,pillow,ABO,389,pillow
B07JLGC7Y8,pillow,ABO,390,pillow
B07JLGC7YC,pillow,ABO,391,pillow
B07JLGCKJJ,pillow,ABO,392,pillow
B07JLGCKKJ,pillow,ABO,393,pillow
B07JLGCKP6,pillow,ABO,394,pillow
B07JLGCKPV,pillow,ABO,395,pillow
B07JLGCLV3,pillow,ABO,396,pillow
B07JLSNT7M,pillow,ABO,397,pillow
B07JLSP8JF,pillow,ABO,398,pillow
B07JLSP8TR,pillow,ABO,399,pillow
B07JLSP8VB,pillow,ABO,400,pillow
B07JLSP8VB,pillow,ABO,400,pillow
B07JLSSTN1,pillow,ABO,401,pillow
B07JLSSW6K,pillow,ABO,402,pillow
B07JLSSWCP,pillow,ABO,403,pillow
B07JLSSWLL,pillow,ABO,404,pillow
B07JLSSWLN,pillow,ABO,405,pillow
B07JLSSWM6,pillow,ABO,406,pillow
B07JLSSYT5,pillow,ABO,407,pillow
B07JLSSYTG,pillow,ABO,408,pillow
B07JLST2G7,pillow,ABO,409,pillow
B07JLST325,pillow,ABO,410,pillow
B07JLZ7QC7,pillow,ABO,411,pillow
B07JLZ7QDP,pillow,ABO,412,pillow
B07JLZC567,pillow,ABO,413,pillow
B07JLZC56G,pillow,ABO,414,pillow
B07JLZC571,pillow,ABO,415,pillow
B07JLZC7JS,pillow,ABO,416,pillow
B07JLZJ93B,pillow,ABO,417,pillow
B07JLZJ93D,pillow,ABO,418,pillow
B07JLZJ94P,pillow,ABO,419,pillow
B07JLZJ94R,pillow,ABO,420,pillow
B07JLZJ9JM,pillow,ABO,421,pillow
B07JLZJFVL,pillow,ABO,422,pillow
B07JLZJFWW,pillow,ABO,423,pillow
B07JLZJG2V,pillow,ABO,424,pillow
B07JM1QSL6,pillow,ABO,427,pillow
B07JM1QSLX,pillow,ABO,428,pillow
B07JM1QT5Y,pillow,ABO,429,pillow
B07JM1QT63,pillow,ABO,430,pillow
B07JM1XVHS,pillow,ABO,431,pillow
B07JM1ZP24,pillow,ABO,432,pillow
B07JPG7K3N,pillow,ABO,434,pillow
B07JQ47NHZ,pillow,ABO,435,pillow
B07JQX8DV8,pillow,ABO,438,pillow
B07JQX8S3L,pillow,ABO,441,pillow
B07JQYHQ9D,pillow,ABO,443,pillow
B07JQZMSF1,pillow,ABO,445,pillow
B07JXDPKBQ,pillow,ABO,446,pillow
B07JXDPKBR,pillow,ABO,447,pillow
B07JXDPKGC,pillow,ABO,448,pillow
B07JXF7251,pillow,ABO,449,pillow
B07JY4GZW8,pillow,ABO,451,pillow
B07M6PHSCP,pillow,ABO,453,pillow
B07M6PJ4LX,pillow,ABO,454,pillow
B07M6PJ4MC,pillow,ABO,455,pillow
B07M6PJ67T,pillow,ABO,457,pillow
B07M6PK8QS,pillow,ABO,460,pillow
B07M6PKCPF,pillow,ABO,461,pillow
B07MBF93XS,pillow,ABO,463,pillow
B07MBFDQPK,pillow,ABO,477,pillow
B07MBFDS2R,pillow,ABO,478,pillow
B07MBFDX67,pillow,ABO,479,pillow
B07MBFF1K5,pillow,ABO,480,pillow
B07MBFGB46,pillow,ABO,483,pillow
B07MBFGB51,pillow,ABO,484,pillow
B07MF1RKS9,pillow,ABO,486,pillow
B07MF1RR14,pillow,ABO,491,pillow
B07MF1S25C,pillow,ABO,493,pillow
B07MF1SVV1,pillow,ABO,499,pillow
Threshold_Porcelain_Pitcher_White,pitcher_base,GSO,898,pitcher_base
Central_Garden_Flower_Pot_Goo_425,plant_container,GSO,128,plant_container
Cole_Hardware_Deep_Bowl_Good_Earth_1075,plant_container,GSO,146,plant_container
Cole_Hardware_Electric_Pot_Assortment_55,plant_container,GSO,152,plant_container
Cole_Hardware_Electric_Pot_Cabana_55,plant_container,GSO,153,plant_container
Cole_Hardware_Flower_Pot_1025,plant_container,GSO,154,plant_container
Cole_Hardware_Orchid_Pot_85,plant_container,GSO,158,plant_container
Ecoforms_Plant_Container_S14Turquoise,plant_container,GSO,238,plant_container
Ecoforms_Plant_Container_S24NATURAL,plant_container,GSO,239,plant_container
Ecoforms_Plant_Container_S24Turquoise,plant_container,GSO,240,plant_container
Ecoforms_Plant_Pot_GP9AAvocado,plant_container,GSO,247,plant_container
Ecoforms_Plant_Pot_GP9_SAND,plant_container,GSO,248,plant_container
Sapota_Threshold_4_Ceramic_Round_Planter_Red,plant_container,GSO,804,plant_container
Cole_Hardware_Plant_Saucer_Brown_125,plant_saucer,GSO,159,plant_saucer
Cole_Hardware_Plant_Saucer_Glazed_9,plant_saucer,GSO,160,plant_saucer
Cole_Hardware_Saucer_Electric,plant_saucer,GSO,161,plant_saucer
Cole_Hardware_Saucer_Glazed_6,plant_saucer,GSO,162,plant_saucer
Ecoforms_Plant_Plate_S11Turquoise,plant_saucer,GSO,246,plant_saucer
Ecoforms_Plant_Saucer_S14MOCHA,plant_saucer,GSO,249,plant_saucer
Ecoforms_Plant_Saucer_S14NATURAL,plant_saucer,GSO,250,plant_saucer
Ecoforms_Plant_Saucer_S17MOCHA,plant_saucer,GSO,251,plant_saucer
Ecoforms_Plant_Saucer_SQ1HARVEST,plant_saucer,GSO,253,plant_saucer
Ecoforms_Quadra_Saucer_SQ1_Avocado,plant_saucer,GSO,260,plant_saucer
Threshold_Bistro_Ceramic_Dinner_Plate_Ruby_Ring,plate,GSO,893,plate
Threshold_Dinner_Plate_Square_Rim_White_Porcelain,plate,GSO,894,plate
TWISTED_PUZZLE,puzzle_game,GSO,869,box
45oz_RAMEKIN_ASST_DEEP_COLORS,ramekin,GSO,12,ramekin
BIA_Porcelain_Ramekin_With_Glazed_Rim_35_45_oz_cup,ramekin,GSO,69,ramekin
Asus_80211ac_DualBand_Gigabit_Wireless_Router_RTAC68R,router_box,GSO,47,box
Diamond_Visions_Scissors_Red,scissors,GSO,209,scissors
Craftsman_Grip_Screwdriver_Phillips_Cushion,screwdriver,GSO,171,screwdriver
11pro_SL_TRX_FG,shoe,GSO,0,shoe
AMBERLIGHT_UP_W,shoe,GSO,19,shoe
ASICS_GEL1140V_WhiteBlackSilver,shoe,GSO,20,shoe
ASICS_GEL1140V_WhiteRoyalSilver,shoe,GSO,21,shoe
ASICS_GELAce_Pro_Pearl_WhitePink,shoe,GSO,22,shoe
ASICS_GELBlur33_20_GS_BlackWhiteSafety_Orange,shoe,GSO,23,shoe
ASICS_GELBlur33_20_GS_Flash_YellowHot_PunchSilver,shoe,GSO,24,shoe
ASICS_GELChallenger_9_Royal_BlueWhiteBlack,shoe,GSO,25,shoe
ASICS_GELDirt_Dog_4_SunFlameBlack,shoe,GSO,26,shoe
ASICS_GELLinksmaster_WhiteCoffeeSand,shoe,GSO,27,shoe
ASICS_GELLinksmaster_WhiteRasberryGunmetal,shoe,GSO,28,shoe
ASICS_GELLinksmaster_WhiteSilverCarolina_Blue,shoe,GSO,29,shoe
ASICS_GELResolution_5_Flash_YellowBlackSilver,shoe,GSO,30,shoe
ASICS_GELTour_Lyte_WhiteOrchidSilver,shoe,GSO,31,shoe
ASICS_HyperRocketgirl_SP_5_WhiteMalibu_BlueBlack,shoe,GSO,32,shoe
Adrenaline_GTS_13_Color_DrkDenimWhtBachlorBttnSlvr_Size_50_yfK40TNjq0V,shoe,GSO,34,shoe
Adrenaline_GTS_13_Color_WhtObsdianBlckOlmpcSlvr_Size_70,shoe,GSO,35,shoe
Azure_Snake_Tieks_Leather_Snake_Print_Ballet_Flats,shoe,GSO,58,shoe
CLIMACOOL_BOAT_BREEZE_IE6CyqSaDwN,shoe,GSO,112,shoe
California_Navy_Tieks_Italian_Leather_Ballet_Flats,shoe,GSO,117,shoe
Cascadia_8_Color_AquariusHibscsBearingSeaBlk_Size_50,shoe,GSO,127,shoe
Chelsea_BlkHeelPMP_DwxLtZNxLZZ,shoe,GSO,131,shoe
Chelsea_lo_fl_rdheel_zAQrnhlEfw8,shoe,GSO,133,shoe
ClimaCool_Aerate_2_W_Wide,shoe,GSO,135,shoe
Colton_Wntr_Chukka_y4jO0I8JQFW,shoe,GSO,164,shoe
Copperhead_Snake_Tieks_Brown_Snake_Print_Ballet_Flats,shoe,GSO,168,shoe
Court_Attitude,shoe,GSO,170,shoe
Crazy_8,shoe,GSO,181,shoe
Crazy_Shadow_2,shoe,GSO,182,shoe
Crazy_Shadow_2_oW4Jd10HFFr,shoe,GSO,183,shoe
Cream_Tieks_Italian_Leather_Ballet_Flats,shoe,GSO,184,shoe
D_ROSE_45,shoe,GSO,200,shoe
D_ROSE_773_II_Kqclsph05pE,shoe,GSO,201,shoe
D_ROSE_773_II_hvInJwJ5HUD,shoe,GSO,202,shoe
D_ROSE_ENGLEWOOD_II,shoe,GSO,203,shoe
ENFR_MID_ENFORCER,shoe,GSO,221,shoe
F10_TRX_FG_ssscuo9tGxb,shoe,GSO,274,shoe
F10_TRX_TF_rH7tmKCdUJq,shoe,GSO,275,shoe
F5_TRX_FG,shoe,GSO,276,shoe
FYW_ALTERNATION,shoe,GSO,287,shoe
FYW_DIVISION,shoe,GSO,288,shoe
PHEEHAN_RUN,shoe,GSO,604,shoe
Predator_LZ_TRX_FG,shoe,GSO,677,shoe
PureCadence_2_Color_HiRskRedNghtlfeSlvrBlckWht_Size_70,shoe,GSO,682,shoe
PureCadence_2_Color_TleBluLmePnchSlvMoodIndgWh_Size_50_EEzAfcBfHHO,shoe,GSO,683,shoe
PureConnect_2_Color_AnthrcteKnckoutPnkGrnGecko_Size_50,shoe,GSO,684,shoe
PureConnect_2_Color_BlckBrllntBluNghtlfeAnthrct_Size_70,shoe,GSO,685,shoe
PureConnect_2_Color_FernNightlifeSilverBlack_Size_70_5w0BYsiogeV,shoe,GSO,686,shoe
PureFlow_2_Color_RylPurHibiscusBlkSlvrWht_Size_50,shoe,GSO,687,shoe
REEF_BANTU,shoe,GSO,692,shoe
REEF_BRAIDED_CUSHION,shoe,GSO,693,shoe
REEF_ZENFUN,shoe,GSO,694,shoe
Ravenna_4_Color_WhtOlyBluBlkShkOrngSlvRdO_Size_70,shoe,GSO,699,shoe
Santa_Cruz_Mens_G7kQXK7cIky,shoe,GSO,800,shoe
Santa_Cruz_Mens_YmsMDkFf11Z,shoe,GSO,801,shoe
Santa_Cruz_Mens_umxTczr1Ygg,shoe,GSO,802,shoe
Santa_Cruz_Mens_vnbiTDDt5xH,shoe,GSO,803,shoe
Sienna_Brown_Croc_Tieks_Patent_Leather_Crocodile_Print_Ballet_Flats,shoe,GSO,825,shoe
Sperry_TopSider_pSUFPWQXPp3,shoe,GSO,838,shoe
Sperry_TopSider_tNB9t6YBUf3,shoe,GSO,839,shoe
Starstruck_Tieks_Glittery_Gold_Italian_Leather_Ballet_Flats,shoe,GSO,847,shoe
TERREX_FAST_R,shoe,GSO,861,shoe
TERREX_FAST_X_GTX,shoe,GSO,862,shoe
TOP_TEN_HI,shoe,GSO,864,shoe
TOP_TEN_HI_60KlbRbdoJA,shoe,GSO,865,shoe
TROCHILUS_BOOST,shoe,GSO,867,shoe
TZX_Runner,shoe,GSO,872,shoe
Chefmate_8_Frypan,skillet,GSO,130,pan
Threshold_Bamboo_Ceramic_Soap_Dish,soap_dish,GSO,890,soap_dish
B07FFSKHK4,soap_dispenser,ABO,310,soap_dispenser
OXO_Cookie_Spatula,spatula,GSO,539,spatula
Big_O_Sponges_Assorted_Cellulose_12_pack,sponge,GSO,85,sponge
Elephant,stuffed_toy,GSO,262,stuffed_toy
Ortho_Forward_Facing,stuffed_toy,GSO,595,stuffed_toy
Ortho_Forward_Facing_3Q6J2oKJD92,stuffed_toy,GSO,596,stuffed_toy
Ortho_Forward_Facing_QCaor9ImJ2G,stuffed_toy,GSO,598,stuffed_toy
Racoon,stuffed_toy,GSO,698,stuffed_toy
Shark,stuffed_toy,GSO,820,stuffed_toy
Sootheze_Cold_Therapy_Elephant,stuffed_toy,GSO,834,stuffed_toy
Sootheze_Toasty_Orca,stuffed_toy,GSO,835,stuffed_toy
Squirrel,stuffed_toy,GSO,843,stuffed_toy
Animal_Planet_Foam_2Headed_Dragon,stuffed_toy_dragon,GSO,43,stuffed_toy
Sushi_Mat,sushi_mat,GSO,855,sushi_mat
Cole_Hardware_Antislip_Surfacing_Material_White,tape,GSO,142,tape
Cole_Hardware_Antislip_Surfacing_White_2_x_60,tape,GSO,143,tape
Circo_Fish_Toothbrush_Holder_14995988,toothbrush_holder,GSO,134,toothbrush_holder
Provence_Bath_Towel_Royal_Blue,towel,GSO,681,towel
Threshold_Hand_Towel_Blue_Medallion_16_x_27,towel,GSO,895,towel
FIRE_ENGINE,toy,GSO,280,toy
FIRE_TRUCK,toy,GSO,281,toy
Fisher_price_Classic_Toys_Buzzy_Bee,toy,GSO,293,toy
Fruity_Friends,toy,GSO,301,toy
PINEAPPLE_MARACA_6_PCSSET,toy pineapple,GSO,605,toy_pineapple
Air_Hogs_Wind_Flyers_Set_Airplane_Red,toy_airplane,GSO,36,toy_airplane
TURBOPROP_AIRPLANE_WITH_PILOT,toy_airplane,GSO,868,toy_airplane
BUNNY_RACER,toy_animal,GSO,75,toy_animal
Breyer_Horse_Of_The_Year_2015,toy_animal,GSO,99,toy_animal
CHICKEN_RACER,toy_animal,GSO,108,toy_animal
DANCING_ALLIGATOR,toy_animal,GSO,189,toy_animal
DANCING_ALLIGATOR_zoWBjc0jbTs,toy_animal,GSO,190,toy_animal
Schleich_African_Black_Rhino,toy_animal,GSO,805,toy_animal
Schleich_Allosaurus,toy_animal,GSO,806,toy_animal
Schleich_Bald_Eagle,toy_animal,GSO,807,toy_animal
Schleich_Hereford_Bull,toy_animal,GSO,808,toy_animal
Schleich_Lion_Action_Figure,toy_animal,GSO,809,toy_animal
Schleich_S_Bayala_Unicorn_70432,toy_animal,GSO,810,toy_animal
Schleich_Spinosaurus_Action_Figure,toy_animal,GSO,811,toy_animal
Schleich_Therizinosaurus_ln9cruulPqc,toy_animal,GSO,812,toy_animal
BALANCING_CACTUS,toy_cactus,GSO,62,toy_cactus
CREATIVE_BLOCKS_35_MM,toy_construction_set,GSO,116,toy_construction_set
Squirt_Strain_Fruit_Basket,toy_food,GSO,844,toy_food
3D_Dollhouse_Lamp,toy_lamp,GSO,4,toy_lamp
BIRD_RATTLE,toy_rattle,GSO,70,toy_rattle
BUNNY_RATTLE,toy_rattle,GSO,76,toy_rattle
3D_Dollhouse_Refrigerator,toy_refrigerator,GSO,5,toy_refrigerator
3D_Dollhouse_Sink,toy_sink,GSO,6,toy_sink
3D_Dollhouse_Sofa,toy_sofa,GSO,7,toy_sofa
3D_Dollhouse_Swing,toy_swing,GSO,8,toy_swing
3D_Dollhouse_TablePurple,toy_table,GSO,9,toy_table
BABY_CAR,toy_vehicle,GSO,59,toy_vehicle
CAR_CARRIER_TRAIN,toy_vehicle,GSO,105,toy_vehicle
COAST_GUARD_BOAT,toy_vehicle,GSO,113,toy_vehicle
Sonny_School_Bus,toy_vehicle,GSO,831,toy_vehicle
Thomas_Friends_Woodan_Railway_Henry,toy_vehicle,GSO,885,toy_vehicle
Thomas_Friends_Wooden_Railway_Deluxe_Track_Accessory_Pack,toy_vehicle,GSO,887,toy_vehicle
Thomas_Friends_Wooden_Railway_Porter_5JzRhMm3a9o,toy_vehicle,GSO,888,toy_vehicle
Thomas_Friends_Wooden_Railway_Talking_Thomas_z7yi7UFHJRj,toy_vehicle,GSO,889,toy_vehicle
BIA_Cordon_Bleu_White_Porcelain_Utensil_Holder_900028,utensil_holder_cup,GSO,68,utensil_holder_cup
B075HR4ZDB,vase,ABO,118,vase
B075HR7DM7,vase,ABO,119,vase
B075HR7KY9,vase,ABO,120,vase
B075HWMC6S,vase,ABO,131,vase
B075HWX46K,vase,ABO,133,vase
B075HXJPW6,vase,ABO,138,vase
B075HXLWT5,vase,ABO,140,vase
B075HXPFTG,vase,ABO,142,vase
B078JGHZT3,vase,ABO,198,vase
B078JGYJTG,vase,ABO,201,vase
B078JJDPR2,vase,ABO,202,vase
B078JMJC46,vase,ABO,205,vase
B078JMJC49,vase,ABO,206,vase
B07B8NVHX1,vase,ABO,255,vase
B07B8NZQ68,vase,ABO,256,vase
B07B8PXTSY,vase,ABO,258,vase
B07B8VJBCL,vase,ABO,260,vase
B07B8W8FBV,vase,ABO,261,vase
B07HSJVP5C,vase,ABO,330,vase
B07HSLG6WR,vase,ABO,332,vase
B07HSMVFMP,vase,ABO,333,vase
B07JLBDT51,vase,ABO,384,vase
B07JM1K8VH,vase,ABO,425,vase
B07JM6GHC8,vase,ABO,433,vase
Persona_Q_Shadow_of_the_Labyrinth_Nintendo_3DS,video game,GSO,653,video_game
Final_Fantasy_XIV_A_Realm_Reborn_60Day_Subscription,video_game,GSO,290,video_game
New_Super_Mario_BrosWii_Wii_Game,video_game,GSO,521,video_game
Paper_Mario_Sticker_Star_Nintendo_3DS_Game,video_game,GSO,610,video_game
Pokmon_Conquest_Nintendo_DS_Game,video_game,GSO,667,video_game
Pokmon_X_Nintendo_3DS_Game,video_game,GSO,668,video_game
Pokémon_Yellow_Special_Pikachu_Edition_Nintendo_Game_Boy_Color,video_game,GSO,671,video_game
Simon_Swipe_Game,video_game,GSO,826,video_game
Super_Mario_3D_World_Deluxe_Set,video_game,GSO,849,video_game
Animal_Crossing_New_Leaf_Nintendo_3DS_Game,video_game_box,GSO,42,box
Super_Mario_3D_World_Wii_U_Game,video_game_box,GSO,851,box
Beetle_Adventure_Racing_Nintendo_64,video_game_cartridge,GSO,79,video_game_cartridge
3M_Vinyl_Tape_Green_1_x_36_yd,vinyl_tape,GSO,11,tape
Seagate_3TB_Central_shared_storage,wireless_accessory,GSO,818,wireless_accessory